{
  "results": {
    "A": {
      "gan_test": 0.4467,
      "gan_train": 0.144,
      "diversity": 0.1047,
      "per_class": {
        "0": 0.467,
        "1": 0.65,
        "2": 0.767,
        "3": 0.15,
        "4": 0.767,
        "5": 0.117,
        "6": 0.117,
        "7": 0.55,
        "8": 0.817,
        "9": 0.067
      }
    },
    "B": {
      "gan_test": 0.5467,
      "gan_train": 0.232,
      "diversity": 0.125,
      "per_class": {
        "0": 0.467,
        "1": 0.75,
        "2": 0.5,
        "3": 0.183,
        "4": 0.867,
        "5": 0.65,
        "6": 0.3,
        "7": 0.55,
        "8": 0.883,
        "9": 0.317
      }
    },
    "C": {
      "gan_test": 0.9467,
      "gan_train": 0.204,
      "diversity": 0.3302,
      "per_class": {
        "0": 0.983,
        "1": 1.0,
        "2": 0.917,
        "3": 0.983,
        "4": 0.933,
        "5": 0.967,
        "6": 0.95,
        "7": 0.9,
        "8": 0.917,
        "9": 0.917
      }
    }
  },
  "times": {
    "A": 431.8,
    "B": 371.7,
    "C": 889.1
  },
  "real_acc": 0.9559999704360962,
  "heldout_C": {
    "heldout_recognition": 0.928,
    "trainstruct_recognition": 0.952,
    "generalization_gap": 0.024,
    "heldout_ssim": 0.9498
  },
  "meta": {
    "classes": [
      0,
      1,
      2,
      3,
      4,
      5,
      6,
      7,
      8,
      9
    ],
    "img": 64,
    "per_class": 500,
    "n_train": 4750,
    "n_eval": 250
  },
  "mp_detection_rate": 0.02063157894736842
}